{
    "Ar36": {
        "error": 0.0023440474219157677, 
        "fit": "parabolic", 
        "value": 0.028505430800008842
    }, 
    "Ar37": {
        "error": 0.047369099712602648, 
        "fit": "linear", 
        "value": 0.15268125825015727
    }, 
    "Ar38": {
        "error": 0.33014981217843203, 
        "fit": "linear", 
        "value": 1.34818165759702
    }, 
    "Ar39": {
        "error": 0.095998955377839618, 
        "fit": "parabolic", 
        "value": 98.818984705078208
    }, 
    "Ar40": {
        "error": 0.33764589905480907, 
        "fit": "parabolic", 
        "value": 1362.8975682358914
    }, 
    "Ar41": {
        "error": 0.13113020902324821, 
        "fit": "average_SEM", 
        "value": 0.040091300532731113
    }
}