{
    "Ar36": {
        "error": 0.002422829175338456, 
        "fit": "parabolic", 
        "value": 0.029742692824596857
    }, 
    "Ar37": {
        "error": 0.052867899632154901, 
        "fit": "linear", 
        "value": 0.15046059389024596
    }, 
    "Ar38": {
        "error": 0.32773004429244801, 
        "fit": "linear", 
        "value": 1.3289419233244533
    }, 
    "Ar39": {
        "error": 0.09979982070486719, 
        "fit": "parabolic", 
        "value": 98.822795803176405
    }, 
    "Ar40": {
        "error": 0.3262773221323596, 
        "fit": "parabolic", 
        "value": 1363.7014376788736
    }, 
    "Ar41": {
        "error": 0.13236799704083194, 
        "fit": "average_SEM", 
        "value": 0.18787850454158617
    }
}