{
    "Ar36": {
        "error": 0.0063401849703781845, 
        "fit": "parabolic", 
        "value": 0.25569422564788069
    }, 
    "Ar37": {
        "error": 0.050509953636436684, 
        "fit": "linear", 
        "value": 0.1507294182613142
    }, 
    "Ar38": {
        "error": 0.23143372557840428, 
        "fit": "linear", 
        "value": 0.14105729719823762
    }, 
    "Ar39": {
        "error": 0.057363079655550479, 
        "fit": "parabolic", 
        "value": 0.16646860889325868
    }, 
    "Ar40": {
        "error": 0.088572962416984091, 
        "fit": "parabolic", 
        "value": 77.765237950560561
    }, 
    "Ar41": {
        "error": 0.11916898127047355, 
        "fit": "average_SEM", 
        "value": -0.025977585754153553
    }
}