{
    "Ar36": {
        "error": 0.0064835692595569564, 
        "fit": "parabolic", 
        "value": 0.25805182815181882
    }, 
    "Ar37": {
        "error": 0.05147732161120655, 
        "fit": "linear", 
        "value": 0.1546352642353265
    }, 
    "Ar38": {
        "error": 0.32169026544662149, 
        "fit": "linear", 
        "value": 0.090524717735481014
    }, 
    "Ar39": {
        "error": 0.055401650704678333, 
        "fit": "parabolic", 
        "value": 0.20061723900435771
    }, 
    "Ar40": {
        "error": 0.086918430027946858, 
        "fit": "parabolic", 
        "value": 78.389640658660909
    }, 
    "Ar41": {
        "error": 0.12913934489352169, 
        "fit": "average_SEM", 
        "value": 0.15544879262211908
    }
}