{
    "Ar36": {
        "error": 0.0016202665147398427, 
        "fit": "linear", 
        "value": 0.013715082444516975
    }, 
    "Ar37": {
        "error": 0.051423358186001189, 
        "fit": "linear", 
        "value": 0.19186625838165089
    }, 
    "Ar38": {
        "error": 0.33765617707124596, 
        "fit": "linear", 
        "value": 0.2016047208485566
    }, 
    "Ar39": {
        "error": 0.066161183087417821, 
        "fit": "linear", 
        "value": 7.6299967670732762
    }, 
    "Ar40": {
        "error": 0.3673382257419448, 
        "fit": "linear", 
        "value": 1798.4171748985696
    }, 
    "Ar41": {
        "error": 0.1344923556647879, 
        "fit": "average_SEM", 
        "value": 0.2675560910386654
    }
}