{
    "Ar36": {
        "error": 0.0017246922061270021, 
        "fit": "linear", 
        "value": 0.021152653896136509
    }, 
    "Ar37": {
        "error": 0.050109315157049236, 
        "fit": "linear", 
        "value": 0.18390682784009144
    }, 
    "Ar38": {
        "error": 0.33114947899559088, 
        "fit": "linear", 
        "value": 0.18851771507273662
    }, 
    "Ar39": {
        "error": 0.062911047855107219, 
        "fit": "linear", 
        "value": 6.7516306126065277
    }, 
    "Ar40": {
        "error": 0.31131157401724985, 
        "fit": "linear", 
        "value": 1585.8958009615083
    }, 
    "Ar41": {
        "error": 0.1310633080686156, 
        "fit": "average_SEM", 
        "value": 0.22278693911309044
    }
}