{
    "Ar36": {
        "error": 0.010615628307772219, 
        "fit": "linear", 
        "value": 0.75159058697554748
    }, 
    "Ar37": {
        "error": 0.05765556211021737, 
        "fit": "linear", 
        "value": 0.22601924222862477
    }, 
    "Ar38": {
        "error": 0.30450405304675793, 
        "fit": "linear", 
        "value": 0.28964975042178448
    }, 
    "Ar39": {
        "error": 0.064991937037003233, 
        "fit": "linear", 
        "value": 10.685168716752511
    }, 
    "Ar40": {
        "error": 0.44473010710270039, 
        "fit": "linear", 
        "value": 2786.0179681502841
    }, 
    "Ar41": {
        "error": 0.12797258960885036, 
        "fit": "average_SEM", 
        "value": 0.049304852320346981
    }
}