{
    "Ar36": {
        "error": 0.002139252052755578, 
        "fit": "linear", 
        "value": 0.022035690682705736
    }, 
    "Ar37": {
        "error": 0.054170935709403824, 
        "fit": "linear", 
        "value": 0.23955169529902209
    }, 
    "Ar38": {
        "error": 0.34468008051129795, 
        "fit": "linear", 
        "value": 0.29557356160978659
    }, 
    "Ar39": {
        "error": 0.069462657323181978, 
        "fit": "linear", 
        "value": 15.238125859791513
    }, 
    "Ar40": {
        "error": 0.79542458230807145, 
        "fit": "linear", 
        "value": 3674.0352897401572
    }, 
    "Ar41": {
        "error": 0.1372271475373664, 
        "fit": "average_SEM", 
        "value": 0.088895909716375177
    }
}