{
    "Ar36": {
        "error": 0.002730737208873115, 
        "fit": "linear", 
        "value": 0.040067889353366103
    }, 
    "Ar37": {
        "error": 0.054721362239127762, 
        "fit": "linear", 
        "value": 0.23099879841090959
    }, 
    "Ar38": {
        "error": 0.33098782292062112, 
        "fit": "linear", 
        "value": 0.23021002550299496
    }, 
    "Ar39": {
        "error": 0.068365585996855702, 
        "fit": "linear", 
        "value": 6.9834850144636427
    }, 
    "Ar40": {
        "error": 0.38805804827246299, 
        "fit": "linear", 
        "value": 1661.0033606547609
    }, 
    "Ar41": {
        "error": 0.12149490279767966, 
        "fit": "average_SEM", 
        "value": 0.039157252212365469
    }
}