{
    "Ar36": {
        "error": 0.0023144613258075574, 
        "fit": "linear", 
        "value": 0.0318421751424455
    }, 
    "Ar37": {
        "error": 0.052634114746073365, 
        "fit": "linear", 
        "value": 0.20838666328337616
    }, 
    "Ar38": {
        "error": 0.22443958923562779, 
        "fit": "linear", 
        "value": 0.16290575342155766
    }, 
    "Ar39": {
        "error": 0.062792681280701673, 
        "fit": "linear", 
        "value": 12.822151689483507
    }, 
    "Ar40": {
        "error": 0.70423067335676337, 
        "fit": "linear", 
        "value": 3097.4497982895473
    }, 
    "Ar41": {
        "error": 0.1323030651967316, 
        "fit": "average_SEM", 
        "value": 0.0013743952414693517
    }
}